{"cameraMode":{"drawMode":0,"name":"Shaded","section":"Shading Mode"},"sceneLighting":false,"audioPlay":false,"sceneViewState":{"showFog":true,"showMaterialUpdate":false,"showSkybox":true,"showFlares":true,"showImageEffects":true,"showParticleSystems":true},"in2DMode":false,"pivot":{"x":3.3373818397521974,"y":0.047933656722307208,"z":7.225342273712158},"rotation":{"x":0.11183448135852814,"y":0.19542568922042848,"z":-0.022434396669268609,"w":0.9740859270095825},"size":13.639116287231446,"orthographic":false}